<?xml version="1.0" encoding="utf-8" ?>
<Defs>
	<!-- To add a research tab, make a new ResearchTabDef here and then set the <tab> field of your research project to match it -->

	<ResearchTabDef>
		<defName>MechaniteForge</defName>
		<label>Mechanite Forge</label>
	</ResearchTabDef>

	<!-- Tier 0 -->
	<ResearchProjectDef>
		<defName>MFMechaniteForge</defName>
		<label>mechanite forge</label>
		<tab>MechaniteForge</tab>
		<description>Unlocks the secrets of the fabled Mechanite Forge and ability to extract Mechanites out of Luciferum. First step toward ascension.</description>
		<baseCost>4000</baseCost>
		<techLevel>Spacer</techLevel>
		<prerequisites>
			<li>Fabrication</li>
		</prerequisites>
		<requiredResearchBuilding>HiTechResearchBench</requiredResearchBuilding>
		<requiredResearchFacilities>
			<li>MultiAnalyzer</li>
		</requiredResearchFacilities>
		<researchViewX>0</researchViewX>
		<researchViewY>1</researchViewY>
	</ResearchProjectDef>

	<!-- Tier 1 -->
	<ResearchProjectDef>
		<defName>MFManufactureMechanites</defName>
		<label>mechanite fabrication</label>
		<tab>MechaniteForge</tab>
		<description>Learn how to make your own mechanites from scratch using the Mechanite Forge.</description>
		<baseCost>2500</baseCost>
		<techLevel>Spacer</techLevel>
		<prerequisites>
			<li>Machining</li>
			<li>MFMechaniteForge</li>
		</prerequisites>
		<requiredResearchBuilding>HiTechResearchBench</requiredResearchBuilding>
		<requiredResearchFacilities>
			<li>MultiAnalyzer</li>
		</requiredResearchFacilities>
		<researchViewX>1</researchViewX>
		<researchViewY>0</researchViewY>
	</ResearchProjectDef>

	<ResearchProjectDef>
		<defName>MFManufactureLuciferium</defName>
		<label>luciferium fabrication</label>
		<tab>MechaniteForge</tab>
		<description>Rediscover the secrets to how to fabricate Luciferium from ages past.</description>
		<baseCost>3000</baseCost>
		<techLevel>Ultra</techLevel>
		<prerequisites>
			<li>DrugProduction</li>
			<li>MFMechaniteForge</li>
		</prerequisites>
		<requiredResearchBuilding>HiTechResearchBench</requiredResearchBuilding>
		<requiredResearchFacilities>
			<li>MultiAnalyzer</li>
		</requiredResearchFacilities>
		<researchViewX>1</researchViewX>
		<researchViewY>1</researchViewY>
	</ResearchProjectDef>

	<ResearchProjectDef>
		<defName>MFManufactureNeutroamine</defName>
		<label>neutroamine synthesizing</label>
		<tab>MechaniteForge</tab>
		<description>There are many methods to synthesize Neutroamine on the rim but this method utilize the seeming magic of Mechanites to extract amino acids out of food for use in pharmaceuticals.</description>
		<baseCost>1500</baseCost>
		<techLevel>Ultra</techLevel>
		<prerequisites>
			<li>BiofuelRefining</li>
			<li>MFMechaniteForge</li>
		</prerequisites>
		<requiredResearchBuilding>HiTechResearchBench</requiredResearchBuilding>
		<requiredResearchFacilities>
			<li>MultiAnalyzer</li>
		</requiredResearchFacilities>
		<researchViewX>1</researchViewX>
		<researchViewY>2</researchViewY>
	</ResearchProjectDef>

	<ResearchProjectDef>
		<defName>MFManufacturePlasteel</defName>
		<label>plasteel fabrication</label>
		<tab>MechaniteForge</tab>
		<description>Through clever use of mechanites it is possible to rearrange the molecular structure of steel into plasteel. The process is not perfect though. A little is lost during fabrication.</description>
		<baseCost>2000</baseCost>
		<techLevel>Ultra</techLevel>
		<prerequisites>
			<li>Smithing</li>
			<li>MFMechaniteForge</li>
		</prerequisites>
		<requiredResearchBuilding>HiTechResearchBench</requiredResearchBuilding>
		<requiredResearchFacilities>
			<li>MultiAnalyzer</li>
		</requiredResearchFacilities>
		<researchViewX>1</researchViewX>
		<researchViewY>3</researchViewY>
	</ResearchProjectDef>

	<ResearchProjectDef>
		<defName>MFManufactureHerculium</defName>
		<label>herculium fabrication</label>
		<tab>MechaniteForge</tab>
		<description>Formulates a benign variant of fibrous mechanites which also cures the affliction. Enhances physical attributes of the consumer.</description>
		<baseCost>2000</baseCost>
		<techLevel>Ultra</techLevel>
		<prerequisites>
			<li>DrugProduction</li>
			<li>MFMechaniteForge</li>
		</prerequisites>
		<requiredResearchBuilding>HiTechResearchBench</requiredResearchBuilding>
		<requiredResearchFacilities>
			<li>MultiAnalyzer</li>
		</requiredResearchFacilities>
		<researchViewX>1</researchViewX>
		<researchViewY>4</researchViewY>
	</ResearchProjectDef>

	<ResearchProjectDef>
		<defName>MFManufacturePeithium</defName>
		<label>peithium fabrication</label>
		<tab>MechaniteForge</tab>
		<description>Formulates a benign variant of sensory mechanites which also cures the affliction. Enhances social and sensory attributes of the consumer.</description>
		<baseCost>2000</baseCost>
		<techLevel>Ultra</techLevel>
		<prerequisites>
			<li>DrugProduction</li>
			<li>MFMechaniteForge</li>
		</prerequisites>
		<requiredResearchBuilding>HiTechResearchBench</requiredResearchBuilding>
		<requiredResearchFacilities>
			<li>MultiAnalyzer</li>
		</requiredResearchFacilities>
		<researchViewX>1</researchViewX>
		<researchViewY>5</researchViewY>
	</ResearchProjectDef>

	<!-- Tier 2 -->
	<ResearchProjectDef>
		<defName>MFManufactureAngelium</defName>
		<label>seraphium fabrication</label>
		<tab>MechaniteForge</tab>
		<description>Using what you learnt from fabricating your own mechanites and the Luciferium drug you are able to devise a completely new miracle drug which greatly increase the fortitude of a living being.</description>
		<baseCost>4000</baseCost>
		<techLevel>Ultra</techLevel>
		<prerequisites>
			<li>MedicineProduction</li>
			<li>MFManufactureLuciferium</li>
		</prerequisites>
		<requiredResearchBuilding>HiTechResearchBench</requiredResearchBuilding>
		<requiredResearchFacilities>
			<li>MultiAnalyzer</li>
		</requiredResearchFacilities>
		<researchViewX>2</researchViewX>
		<researchViewY>0.5</researchViewY>
	</ResearchProjectDef>

	<ResearchProjectDef>
		<defName>MFManufactureBastion</defName>
		<label>bastion fabrication</label>
		<tab>MechaniteForge</tab>
		<description>By combining shield and mechanite technology you have now devised a combat oriented drug that give your soldiers that extra edge on the battlefield by shielding them.</description>
		<baseCost>3500</baseCost>
		<techLevel>Ultra</techLevel>
		<prerequisites>
			<li>ShieldBelt</li>
			<li>MFManufactureLuciferium</li>
		</prerequisites>
		<requiredResearchBuilding>HiTechResearchBench</requiredResearchBuilding>
		<requiredResearchFacilities>
			<li>MultiAnalyzer</li>
		</requiredResearchFacilities>
		<researchViewX>2</researchViewX>
		<researchViewY>1.5</researchViewY>
	</ResearchProjectDef>

	<!-- Tier 3 -->
	<ResearchProjectDef>
		<defName>MFManufactureAddictionPurifier</defName>
		<label>addiction purifier fabrication</label>
		<tab>MechaniteForge</tab>
		<description>Bordering on science and fiction, this wonder drug created by the brightest minds of the universe got the power to purify the body of a living being from all addictions, both psychological and physical.\n\nMay be the way out for beings who took on the devils bargain.</description>
		<baseCost>3000</baseCost>
		<techLevel>Ultra</techLevel>
		<prerequisites>
			<li>MFManufactureAngelium</li>
		</prerequisites>
		<requiredResearchBuilding>HiTechResearchBench</requiredResearchBuilding>
		<requiredResearchFacilities>
			<li>MultiAnalyzer</li>
		</requiredResearchFacilities>
		<researchViewX>3</researchViewX>
		<researchViewY>0.0</researchViewY>
	</ResearchProjectDef>

	<ResearchProjectDef>
		<defName>MFManufactureHealingFactor</defName>
		<label>trollblood fabrication</label>
		<tab>MechaniteForge</tab>
		<description>The perfect companion drug to Seraphium. Imbues the ingester with immense regeneration capabilities. Even cures them of old scars bringing back their youth.</description>
		<baseCost>3000</baseCost>
		<techLevel>Ultra</techLevel>
		<prerequisites>
			<li>MFManufactureAngelium</li>
		</prerequisites>
		<requiredResearchBuilding>HiTechResearchBench</requiredResearchBuilding>
		<requiredResearchFacilities>
			<li>MultiAnalyzer</li>
		</requiredResearchFacilities>
		<researchViewX>3</researchViewX>
		<researchViewY>1.0</researchViewY>
	</ResearchProjectDef>
</Defs>