<?xml version="1.0" encoding="utf-8" ?>
<Defs>
	<ThingDef ParentName="DrugPillBase">
		<defName>MFAngelium</defName>
		<label>seraphium</label>
		<description>Named after the mythical angels in the Abrahamic religions this concoction of mechanites allow miraculous feats to be performed. Immense fortitude is granted to the user in which open wounds clots themselves and even allows over a season to regenerate lost limbs. It is not fine enough in function to heal scars however.\n\nThe regeneration of lost limbs and organs is not painless though, there are stories of where not even Painstoppers help null the pain.</description>
		<graphicData>
			<texPath>Things/Item/Drug/Angelium/Angelium</texPath>
			<graphicClass>Graphic_Single</graphicClass>
		</graphicData>
		<rotatable>false</rotatable>
		<statBases>
			<MarketValue>8000</MarketValue>
			<Mass>0.01</Mass>
		</statBases>
		<techLevel>Spacer</techLevel>
		<ingestible>
			<drugCategory>Medical</drugCategory>
			<joy>0.0</joy>
			<outcomeDoers>
				<li Class="IngestionOutcomeDoer_GiveHediff">
					<hediffDef>MFAngeliumHigh</hediffDef>
					<severity>1.00</severity>
				</li>
			</outcomeDoers>
		</ingestible>
		<comps>
			<li Class="CompProperties_Drug">
				<!--chemical>MFAngelium</chemical-->
				<listOrder>1011</listOrder>
			</li>
		</comps>
	</ThingDef>

	<!--ChemicalDef>
		<defName>MFAngelium</defName>
		<label>seraphium</label>
		<canBinge>false</canBinge>
		<addictionHediff>MFAngelium</addictionHediff>
	</ChemicalDef-->

	<HediffDef>
		<defName>MFAngeliumHigh</defName>
		<hediffClass>MechaniteForge.AngeliumHediff</hediffClass>
		<label>seraphium</label>
		<description>seraphium in your system</description>
		<defaultLabelColor>(0.6,0.85,0.91)</defaultLabelColor>
		<isBad>false</isBad>
		<scenarioCanAdd>true</scenarioCanAdd>
		<maxSeverity>1.0</maxSeverity>
		
		<stages>
			<li>
				<painFactor>1.1</painFactor>
				<capMods>
					<li>
						<capacity>BloodFiltration</capacity>
						<offset>0.35</offset>
					</li>
					<li>
						<capacity>BloodPumping</capacity>
						<offset>0.35</offset>
					</li>
				</capMods>
			</li>
		</stages>
	</HediffDef>

	<!-- Proto bodypart -->
	<HediffDef>
		<defName>MFProtoBodypart</defName>
		<label>regrowing</label>
		<description>a regrowing limb</description>
		<hediffClass>MechaniteForge.GrowingPartHediff</hediffClass>
		<defaultLabelColor>(0.59, 0.92, 0.69)</defaultLabelColor>
		<isBad>false</isBad>
		<addedPartProps>
			<!-- isSolid>true</isSolid -->
			<partEfficiency>0.1</partEfficiency>
		</addedPartProps>
		<initialSeverity>0.0</initialSeverity>
		<maxSeverity>1.0</maxSeverity>
		<stages>
			<li>
				<minSeverity>0</minSeverity>
				<painOffset>0.2</painOffset>
			</li>
			<li>
				<minSeverity>0.3</minSeverity>
				<painOffset>0.15</painOffset>
			</li>
			<li>
				<minSeverity>0.6</minSeverity>
				<painOffset>0.1</painOffset>
			</li>
			<li>
				<minSeverity>0.9</minSeverity>
				<painOffset>0.05</painOffset>
			</li>
		</stages>
		<comps>
			<li Class="HediffCompProperties_Immunizable">
				<severityPerDayNotImmune>0.07</severityPerDayNotImmune> <!-- 0.07 is roughly a Quadrum (15 days) -->
			</li>
		</comps>
	</HediffDef>

	<!-- Dummy Hediff used to replace MissingPart Hediff -->
	<HediffDef>
		<defName>MFCuredBodypart</defName>
		<label>cured bodypart</label>
		<description>A recently cured body part</description>
		<hediffClass>MechaniteForge.RemovableHediff</hediffClass>
		<defaultLabelColor>(1.0, 1.0, 1.0)</defaultLabelColor>
		<isBad>false</isBad>
		<initialSeverity>0.0</initialSeverity>
		<maxSeverity>1.0</maxSeverity>
		<stages>
			<li>
				<becomeVisible>false</becomeVisible>
			</li>
		</stages>
	</HediffDef>
</Defs>