<?xml version="1.0" encoding="utf-8" ?>
<Defs>
	<!-- Addiction Purifier -->
	<ThingDef ParentName="DrugPillBase">
		<defName>MFAddictionPurifier</defName>
		<label>addiction purifier</label>
		<description>Being amongst the most powerful mechanite concoction ever manufactured, this wonder drug got the power to even remove the dependance on Luciferium! Is rumored to be have been manufactured by Archaeotech planets by powerful AIs, to save the still organic population from certain doom.</description>
		<graphicData>
			<texPath>Things/Item/Drug/AddictionPurifier</texPath>
			<graphicClass>Graphic_StackCount</graphicClass>
		</graphicData>
		<rotatable>false</rotatable>
		<statBases>
			<MarketValue>11000</MarketValue>
			<Mass>0.01</Mass>
		</statBases>
		<techLevel>Ultra</techLevel>
		<ingestible>
			<drugCategory>Medical</drugCategory>
			<joy>0.0</joy>
			<outcomeDoers>
				<li Class="MechaniteForge.IngestionOutcomeDoer_PurifyAddictions"/>
			</outcomeDoers>
		</ingestible>
		<comps>
			<li Class="CompProperties_Drug">
				<listOrder>1011</listOrder>
			</li>
		</comps>
	</ThingDef>
</Defs>