<?xml version="1.0" encoding="utf-8" ?>
<Defs>
	<!-- Bastion -->
	<ThingDef ParentName="DrugPillBase">
		<defName>MFBastion</defName>
		<label>bastion</label>
		<description>A relatively unique advancement in the fields of quantum physics and mechanites. By attuning the mechanites in a very specific way they cause anything that hit the host to be repulsed. Takes a significant toll on the energy reserves though so cover is adviced to be taken once hit.\n\nBeing under the influence of these mechanites require a slightly higher nutritional intake, so be advised.</description>
		<graphicData>
			<texPath>Things/Item/Drug/Bastion/Bastion</texPath>
			<graphicClass>Graphic_Single</graphicClass>
		</graphicData>
		<rotatable>false</rotatable>
		<statBases>
			<MarketValue>7000</MarketValue>
			<Mass>0.01</Mass>
		</statBases>
		<techLevel>Spacer</techLevel>
		<ingestible>
			<drugCategory>Medical</drugCategory>
			<joy>0.0</joy>
			<outcomeDoers>
				<li Class="IngestionOutcomeDoer_GiveHediff">
					<hediffDef>MFBastionHigh</hediffDef>
					<severity>5.00</severity>
				</li>
			</outcomeDoers>
		</ingestible>
		<comps>
			<li Class="CompProperties_Drug">
				<listOrder>1011</listOrder>
			</li>
		</comps>
	</ThingDef>

	<!--ChemicalDef>
		<defName>MFBastion</defName>
		<label>bastion</label>
		<canBinge>false</canBinge>
		<addictionHediff>MFBastion</addictionHediff>
	</ChemicalDef-->

	<HediffDef>
		<defName>MFBastionHigh</defName>
		<label>bastion</label>
		<defaultLabelColor>(0.6,0.85,0.91)</defaultLabelColor>
		<scenarioCanAdd>true</scenarioCanAdd>
		<hediffClass>MechaniteForge.ShieldHediff</hediffClass>
		<initialSeverity>5.0</initialSeverity>
		<maxSeverity>40.0</maxSeverity>
		<isBad>false</isBad>
		<stages>
			<li>
				<label>Shield broken</label>
				<minSeverity>0.0</minSeverity>
				<hungerRateFactor>1.3</hungerRateFactor>
				<capMods>
					<li>
						<capacity>Manipulation</capacity>
						<offset>-0.1</offset>
					</li>
					<li>
						<capacity>Breathing</capacity>
						<offset>0.1</offset>
					</li>
					<li>
						<capacity>Moving</capacity>
						<offset>0.1</offset>
					</li>
				</capMods>
			</li>
			<li>
				<label>Low shield charge</label>
				<minSeverity>5.0</minSeverity>
				<hungerRateFactor>1.15</hungerRateFactor>
			</li>
			<li>
				<label>Partial shield charge</label>
				<minSeverity>20.00</minSeverity>
				<hungerRateFactor>1.1</hungerRateFactor>
			</li>
			<li>
				<label>Full shield charge</label>
				<minSeverity>39.00</minSeverity>
				<hungerRateFactor>1.05</hungerRateFactor>
			</li>
		</stages>
	</HediffDef>
</Defs>