<?xml version="1.0" encoding="utf-8" ?>
<Defs>
	<!-- Herculium -->
	<ThingDef ParentName="DrugPillBase">
		<defName>MFHerculium</defName>
		<label>herculium</label>
		<description>Named after the great greek hero Heracles this benign variant of fibrous mechanites optimizes bodily functions for physical performance. Commonly used by glitterworld athletes during training so they can train more longer than usual.\n\nDue to how its designed it overrides fibrous mechanites upon consumption essentially curing the consumer.</description>
		<graphicData>
			<texPath>Things/Item/Drug/Herculium</texPath>
			<graphicClass>Graphic_StackCount</graphicClass>
		</graphicData>
		<rotatable>false</rotatable>
		<statBases>
			<MarketValue>200</MarketValue>
			<Mass>0.01</Mass>
		</statBases>
		<techLevel>Spacer</techLevel>
		<ingestible>
			<drugCategory>Medical</drugCategory>
			<joy>0.0</joy>
			<outcomeDoers>
				<li Class="IngestionOutcomeDoer_GiveHediff">
					<hediffDef>MFHerculiumHigh</hediffDef>
					<severity>1.00</severity>
					<doToGeneratedPawnIfAddicted>false</doToGeneratedPawnIfAddicted>
				</li>
			</outcomeDoers>
		</ingestible>
		<comps>
			<li Class="CompProperties_Drug">
				<addictiveness>0.00</addictiveness>
				<listOrder>1011</listOrder>
			</li>
		</comps>
	</ThingDef>

	<!--ChemicalDef>
		<defName>MFHerculium</defName>
		<label>herculium</label>
		<canBinge>false</canBinge>
		<addictionHediff>MFHerculium</addictionHediff>
	</ChemicalDef-->

	<HediffDef>
		<defName>MFHerculiumHigh</defName>
		<label>herculium</label>
		<defaultLabelColor>(0.6,0.85,0.91)</defaultLabelColor>
		<scenarioCanAdd>true</scenarioCanAdd>
		<hediffClass>HediffWithComps</hediffClass>
		<initialSeverity>1.0</initialSeverity>
		<maxSeverity>1.0</maxSeverity>
		<isBad>false</isBad>
		<stages>
			<li>
				<capMods>
					<li>
						<capacity>Manipulation</capacity>
						<offset>0.35</offset>
					</li>
					<li>
						<capacity>Moving</capacity>
						<offset>0.35</offset>
					</li>
					<li>
						<capacity>BloodPumping</capacity>
						<offset>0.35</offset>
					</li>
				</capMods>
			</li>
		</stages>
		<comps>
			<li Class="HediffCompProperties_Immunizable">
				<severityPerDayNotImmune>-0.33</severityPerDayNotImmune> <!-- 0.33 is roughly 3 days -->
			</li>
			<li Class="MechaniteForge.HediffCompProperties_Override">
				<overridesHediff>FibrousMechanites</overridesHediff>
			</li>
		</comps>
	</HediffDef>

	<!-- Peithium -->
	<ThingDef ParentName="DrugPillBase">
		<defName>MFPeithium</defName>
		<label>peithium</label>
		<description>Named after a lesser known greek diety this benign sensory mechanites based drug greatly increases your social capabilities. As a bonus the extra clarity make it easier to take a shot.\n\nDue to how its designed it overrides sensory mechanites upon consumption essentially curing the consumer.</description>
		<graphicData>
			<texPath>Things/Item/Drug/Peithium</texPath>
			<graphicClass>Graphic_StackCount</graphicClass>
		</graphicData>
		<rotatable>false</rotatable>
		<statBases>
			<MarketValue>200</MarketValue>
			<Mass>0.01</Mass>
		</statBases>
		<techLevel>Spacer</techLevel>
		<ingestible>
			<drugCategory>Medical</drugCategory>
			<joy>0.0</joy>
			<outcomeDoers>
				<li Class="IngestionOutcomeDoer_GiveHediff">
					<hediffDef>MFPeithiumHigh</hediffDef>
					<severity>1.00</severity>
					<doToGeneratedPawnIfAddicted>false</doToGeneratedPawnIfAddicted>
				</li>
			</outcomeDoers>
		</ingestible>
		<comps>
			<li Class="CompProperties_Drug">
				<addictiveness>0.00</addictiveness>
				<listOrder>1011</listOrder>
			</li>
		</comps>
	</ThingDef>

	<!--ChemicalDef>
		<defName>MFPeithium</defName>
		<label>peithium</label>
		<canBinge>false</canBinge>
		<addictionHediff>MFPeithium</addictionHediff>
	</ChemicalDef-->

	<HediffDef>
		<defName>MFPeithiumHigh</defName>
		<label>peithium</label>
		<defaultLabelColor>(0.6,0.85,0.91)</defaultLabelColor>
		<scenarioCanAdd>true</scenarioCanAdd>
		<hediffClass>HediffWithComps</hediffClass>
		<initialSeverity>1.0</initialSeverity>
		<maxSeverity>1.0</maxSeverity>
		<isBad>false</isBad>
		<stages>
			<li>
				<capMods>
					<li>
						<capacity>Sight</capacity>
						<offset>0.35</offset>
					</li>
					<li>
						<capacity>Hearing</capacity>
						<offset>0.35</offset>
					</li>
					<li>
						<capacity>Talking</capacity>
						<offset>0.35</offset>
					</li>
					<li>
						<capacity>Manipulation</capacity>
						<offset>0.2</offset>
					</li>
				</capMods>
			</li>
		</stages>
		<comps>
			<li Class="HediffCompProperties_Immunizable">
				<severityPerDayNotImmune>-0.33</severityPerDayNotImmune> <!-- 0.33 is roughly 3 days -->
			</li>
			<li Class="MechaniteForge.HediffCompProperties_Override">
				<overridesHediff>SensoryMechanites</overridesHediff>
			</li>
		</comps>
	</HediffDef>
</Defs>