<?xml version="1.0" encoding="utf-8" ?>
<Defs>
	<ThingDef ParentName="DrugPillBase">
		<defName>MFHealingFactor</defName>
		<label>trollblood</label>
		<description>Named after trolls of folklore with their legendary regeneration abilities this drug go beyond just tending wounds, it mends wounds old and new.</description>
		<graphicData>
			<texPath>Things/Item/Special/MechSerumHealer</texPath>
			<graphicClass>Graphic_Single</graphicClass>
		</graphicData>
		<rotatable>false</rotatable>
		<statBases>
			<MarketValue>11000</MarketValue>
			<Mass>0.01</Mass>
		</statBases>
		<techLevel>Spacer</techLevel>
		<ingestible>
			<drugCategory>Medical</drugCategory>
			<joy>0.0</joy>
			<outcomeDoers>
				<li Class="IngestionOutcomeDoer_GiveHediff">
					<hediffDef>MFHealingFactorHigh</hediffDef>
					<severity>1.00</severity>
				</li>
			</outcomeDoers>
		</ingestible>
		<comps>
			<li Class="CompProperties_Drug">
				<listOrder>1011</listOrder>
			</li>
		</comps>
	</ThingDef>

	<HediffDef>
		<defName>MFHealingFactorHigh</defName>
		<hediffClass>MechaniteForge.HealingFactorHediff</hediffClass>
		<label>trollblood</label>
		<defaultLabelColor>(0.6,0.85,0.91)</defaultLabelColor>
		<isBad>false</isBad>
		<scenarioCanAdd>true</scenarioCanAdd>
		<maxSeverity>1.0</maxSeverity>
		<stages>
			<li>
				<painFactor>0.8</painFactor>
				<capMods>
					<li>
						<capacity>BloodPumping</capacity>
						<offset>0.35</offset>
					</li>
				</capMods>
			</li>
		</stages>
	</HediffDef>
</Defs>