<?xml version="1.0" encoding="utf-8" ?>
<Defs>
	<ThingDef ParentName="BenchBase">
		<defName>MFMechaniteForge</defName>
		<label>mechanite forge</label>
		<thingClass>Building_WorkTable</thingClass>
		<description>Advanced fabrication equipment outfitted with a AI Persona Core coerced into crafting highly advanced materials and drugs. Requires highly intellectual individuals in order to use properly.</description>
		<graphicData>
			<texPath>Things/Building/Production/MechaniteForgeWorkshop</texPath>
			<graphicClass>Graphic_Single</graphicClass>
			<drawSize>(3,3)</drawSize>
			<damageData>
				<cornerTL>Damage/Corner</cornerTL>
				<cornerTR>Damage/Corner</cornerTR>
				<cornerBL>Damage/Corner</cornerBL>
				<cornerBR>Damage/Corner</cornerBR>
			</damageData>
			<drawRotated>false</drawRotated>
		</graphicData>
		<costList>
			<Steel>350</Steel>
			<Plasteel>75</Plasteel>
			<ComponentSpacer>20</ComponentSpacer>
		</costList>
		<constructEffect>ConstructWood</constructEffect>
		<altitudeLayer>Building</altitudeLayer>
		<fillPercent>0.5</fillPercent>
		<useHitPoints>True</useHitPoints>
		<statBases>
			<WorkToBuild>3000</WorkToBuild>
			<MaxHitPoints>1000</MaxHitPoints>
			<Flammability>1.0</Flammability>
			<Cleanliness>3</Cleanliness>
		</statBases>
		<size>(2,2)</size>
		<designationCategory>Production</designationCategory>
		<passability>PassThroughOnly</passability>
		<pathCost>70</pathCost>
		<hasInteractionCell>True</hasInteractionCell>
		<interactionCellOffset>(1,0,-1)</interactionCellOffset>
		<surfaceType>Item</surfaceType>
		<inspectorTabs>
			<li>ITab_Bills</li>
		</inspectorTabs>
		<building>
			<spawnedConceptLearnOpportunity>BillsTab</spawnedConceptLearnOpportunity>
		</building>
		<comps>
			<li Class="CompProperties_Power">
				<compClass>CompPowerTrader</compClass>
				<shortCircuitInRain>true</shortCircuitInRain>
				<basePowerConsumption>1000</basePowerConsumption>
			</li>
			<li Class="CompProperties_Flickable"/>
		</comps>
		<researchPrerequisites>
			<li>MFMechaniteForge</li>
		</researchPrerequisites>
	</ThingDef>
</Defs>