<?xml version="1.0" encoding="utf-8" ?>
<Defs>
	<ThingDef ParentName="ResourceBase">
		<defName>MFMechanitesBase</defName>
		<label>mechanites</label>
		<description>Basic unprogrammed mechanites. Like Mechanoids only much smaller.</description>
		<graphicData>
			<texPath>Things/Item/Resource/BasicMechanites</texPath>
			<graphicClass>Graphic_Single</graphicClass>
		</graphicData>
		<rotatable>false</rotatable>
		<statBases>
			<MarketValue>20</MarketValue>
			<Mass>0.01</Mass>
		</statBases>
		<techLevel>Spacer</techLevel>
		<stackLimit>200</stackLimit>
		<thingCategories>
			<li>Manufactured</li>
		</thingCategories>
	</ThingDef>
</Defs>