<?xml version="1.0" encoding="utf-8" ?>
<Defs>
	<RecipeDef>
		<defName>MFMakeMechanites</defName>
		<label>fabricate basic mechanites</label>
		<description>Fabricate basic Mechanites in bulk.</description>
		<jobString>Fabricating basic Mechanites.</jobString>
		<workSpeedStat>ResearchSpeed</workSpeedStat>
		<effectWorking>Cook</effectWorking>
		<soundWorking>Recipe_Machining</soundWorking>
		<workAmount>9000</workAmount>
		<unfinishedThingDef>UnfinishedComponent</unfinishedThingDef>
		<researchPrerequisite>MFManufactureMechanites</researchPrerequisite>
		<ingredients>
			<li>
				<filter>
					<thingDefs>
						<li>Steel</li>
					</thingDefs>
				</filter>
				<count>5</count>
			</li>
			<li>
				<filter>
					<thingDefs>
						<li>Neutroamine</li>
					</thingDefs>
				</filter>
				<count>5</count>
			</li>
			<li>
				<filter>
					<thingDefs>
						<li>ComponentIndustrial</li>
					</thingDefs>
				</filter>
				<count>1</count>
			</li>
		</ingredients>
		<fixedIngredientFilter>
			<thingDefs>
				<li>Steel</li>
				<li>Neutroamine</li>
				<li>ComponentIndustrial</li>
			</thingDefs>
		</fixedIngredientFilter>
		<products>
			<MFMechanitesBase>3</MFMechanitesBase>
		</products>
		<skillRequirements>
			<Intellectual>10</Intellectual>
		</skillRequirements>
		<workSkill>Intellectual</workSkill>
		<recipeUsers>
			<li>MFMechaniteForge</li>
		</recipeUsers>
	</RecipeDef>

	<RecipeDef>
		<defName>MFExtractMechanites</defName>
		<label>extract basic mechanites from luciferium</label>
		<description>Extract basic Mechanites from Luciferium.</description>
		<jobString>Extracting basic Mechanites from Luciferium.</jobString>
		<workSpeedStat>ResearchSpeed</workSpeedStat>
		<effectWorking>Cook</effectWorking>
		<soundWorking>Recipe_Machining</soundWorking>
		<workAmount>400</workAmount>
		<ingredients>
			<li>
				<filter>
					<thingDefs>
						<li>Luciferium</li>
					</thingDefs>
				</filter>
				<count>1</count>
			</li>
		</ingredients>
		<fixedIngredientFilter>
			<thingDefs>
				<li>Luciferium</li>
			</thingDefs>
		</fixedIngredientFilter>
		<products>
			<MFMechanitesBase>3</MFMechanitesBase>
		</products>
		<skillRequirements>
			<Intellectual>8</Intellectual>
		</skillRequirements>
		<workSkill>Intellectual</workSkill>
		<recipeUsers>
			<li>MFMechaniteForge</li>
		</recipeUsers>
	</RecipeDef>

	<RecipeDef>
		<defName>MFExtractMechanitesx5</defName>
		<label>extract basic mechanites from luciferium (x 5)</label>
		<description>Extract basic Mechanites from Luciferium in bulk. A little more efficient process.</description>
		<jobString>Extracting basic Mechanites from Luciferium.</jobString>
		<workSpeedStat>ResearchSpeed</workSpeedStat>
		<effectWorking>Cook</effectWorking>
		<soundWorking>Recipe_Machining</soundWorking>
		<workAmount>1200</workAmount>
		<ingredients>
			<li>
				<filter>
					<thingDefs>
						<li>Luciferium</li>
					</thingDefs>
				</filter>
				<count>5</count>
			</li>
		</ingredients>
		<fixedIngredientFilter>
			<thingDefs>
				<li>Luciferium</li>
			</thingDefs>
		</fixedIngredientFilter>
		<products>
			<MFMechanitesBase>15</MFMechanitesBase>
		</products>
		<skillRequirements>
			<Intellectual>14</Intellectual>
		</skillRequirements>
		<workSkill>Intellectual</workSkill>
		<recipeUsers>
			<li>MFMechaniteForge</li>
		</recipeUsers>
	</RecipeDef>

	<RecipeDef>
		<defName>MFFabricateLuciferium</defName>
		<label>fabricate luciferium</label>
		<description>Fabricates Luciferium.</description>
		<jobString>Fabricating Luciferium.</jobString>
		<workSpeedStat>ResearchSpeed</workSpeedStat>
		<effectWorking>Cook</effectWorking>
		<soundWorking>Recipe_Machining</soundWorking>
		<workAmount>4000</workAmount>
		<unfinishedThingDef>UnfinishedComponent</unfinishedThingDef>
		<researchPrerequisite>MFManufactureLuciferium</researchPrerequisite>
		<ingredients>
			<li>
				<filter>
					<thingDefs>
						<li>MFMechanitesBase</li>
					</thingDefs>
				</filter>
				<count>6</count>
			</li>
		</ingredients>
		<fixedIngredientFilter>
			<thingDefs>
				<li>MFMechanitesBase</li>
			</thingDefs>
		</fixedIngredientFilter>
		<products>
			<Luciferium>1</Luciferium>
		</products>
		<skillRequirements>
			<Intellectual>10</Intellectual>
		</skillRequirements>
		<workSkill>Intellectual</workSkill>
		<recipeUsers>
			<li>MFMechaniteForge</li>
		</recipeUsers>
	</RecipeDef>

	<RecipeDef>
		<defName>MFFabricateLuciferiumx5</defName>
		<label>fabricate luciferium (x 5)</label>
		<description>Fabricates Luciferium in bulk.</description>
		<jobString>Fabricating Luciferium.</jobString>
		<workSpeedStat>ResearchSpeed</workSpeedStat>
		<effectWorking>Cook</effectWorking>
		<soundWorking>Recipe_Machining</soundWorking>
		<workAmount>10000</workAmount>
		<unfinishedThingDef>UnfinishedComponent</unfinishedThingDef>
		<researchPrerequisite>MFManufactureLuciferium</researchPrerequisite>
		<ingredients>
			<li>
				<filter>
					<thingDefs>
						<li>MFMechanitesBase</li>
					</thingDefs>
				</filter>
				<count>30</count>
			</li>
		</ingredients>
		<fixedIngredientFilter>
			<thingDefs>
				<li>MFMechanitesBase</li>
			</thingDefs>
		</fixedIngredientFilter>
		<products>
			<Luciferium>5</Luciferium>
		</products>
		<skillRequirements>
			<Intellectual>14</Intellectual>
		</skillRequirements>
		<workSkill>Intellectual</workSkill>
		<recipeUsers>
			<li>MFMechaniteForge</li>
		</recipeUsers>
	</RecipeDef>

	<!-- -->

	<RecipeDef>
		<defName>MFFabricateHerculium</defName>
		<label>fabricate herculium</label>
		<description>Fabricates Herculium.</description>
		<jobString>Fabricating Herculium.</jobString>
		<workSpeedStat>ResearchSpeed</workSpeedStat>
		<effectWorking>Cook</effectWorking>
		<soundWorking>Recipe_Machining</soundWorking>
		<workAmount>4000</workAmount>
		<unfinishedThingDef>UnfinishedComponent</unfinishedThingDef>
		<researchPrerequisite>MFManufactureHerculium</researchPrerequisite>
		<ingredients>
			<li>
				<filter>
					<thingDefs>
						<li>MFMechanitesBase</li>
					</thingDefs>
				</filter>
				<count>10</count>
			</li>
		</ingredients>
		<fixedIngredientFilter>
			<thingDefs>
				<li>MFMechanitesBase</li>
			</thingDefs>
		</fixedIngredientFilter>
		<products>
			<MFHerculium>1</MFHerculium>
		</products>
		<skillRequirements>
			<Intellectual>10</Intellectual>
		</skillRequirements>
		<workSkill>Intellectual</workSkill>
		<recipeUsers>
			<li>MFMechaniteForge</li>
		</recipeUsers>
	</RecipeDef>

	<RecipeDef>
		<defName>MFFabricateHerculiumx5</defName>
		<label>fabricate herculium (x 5)</label>
		<description>Fabricates Herculium in bulk.</description>
		<jobString>Fabricating Herculium.</jobString>
		<workSpeedStat>ResearchSpeed</workSpeedStat>
		<effectWorking>Cook</effectWorking>
		<soundWorking>Recipe_Machining</soundWorking>
		<workAmount>10000</workAmount>
		<unfinishedThingDef>UnfinishedComponent</unfinishedThingDef>
		<researchPrerequisite>MFManufactureHerculium</researchPrerequisite>
		<ingredients>
			<li>
				<filter>
					<thingDefs>
						<li>MFMechanitesBase</li>
					</thingDefs>
				</filter>
				<count>50</count>
			</li>
		</ingredients>
		<fixedIngredientFilter>
			<thingDefs>
				<li>MFMechanitesBase</li>
			</thingDefs>
		</fixedIngredientFilter>
		<products>
			<MFHerculium>5</MFHerculium>
		</products>
		<skillRequirements>
			<Intellectual>14</Intellectual>
		</skillRequirements>
		<workSkill>Intellectual</workSkill>
		<recipeUsers>
			<li>MFMechaniteForge</li>
		</recipeUsers>
	</RecipeDef>

	<RecipeDef>
		<defName>MFFabricatePeithium</defName>
		<label>fabricate peithium</label>
		<description>Fabricates Peithium.</description>
		<jobString>Fabricating Peithium.</jobString>
		<workSpeedStat>ResearchSpeed</workSpeedStat>
		<effectWorking>Cook</effectWorking>
		<soundWorking>Recipe_Machining</soundWorking>
		<workAmount>4000</workAmount>
		<unfinishedThingDef>UnfinishedComponent</unfinishedThingDef>
		<researchPrerequisite>MFManufacturePeithium</researchPrerequisite>
		<ingredients>
			<li>
				<filter>
					<thingDefs>
						<li>MFMechanitesBase</li>
					</thingDefs>
				</filter>
				<count>10</count>
			</li>
		</ingredients>
		<fixedIngredientFilter>
			<thingDefs>
				<li>MFMechanitesBase</li>
			</thingDefs>
		</fixedIngredientFilter>
		<products>
			<MFPeithium>1</MFPeithium>
		</products>
		<skillRequirements>
			<Intellectual>10</Intellectual>
		</skillRequirements>
		<workSkill>Intellectual</workSkill>
		<recipeUsers>
			<li>MFMechaniteForge</li>
		</recipeUsers>
	</RecipeDef>

	<RecipeDef>
		<defName>MFFabricatePeithiumx5</defName>
		<label>fabricate peithium (x 5)</label>
		<description>Fabricates peithium in bulk.</description>
		<jobString>Fabricating Peithium.</jobString>
		<workSpeedStat>ResearchSpeed</workSpeedStat>
		<effectWorking>Cook</effectWorking>
		<soundWorking>Recipe_Machining</soundWorking>
		<workAmount>10000</workAmount>
		<unfinishedThingDef>UnfinishedComponent</unfinishedThingDef>
		<researchPrerequisite>MFManufacturePeithium</researchPrerequisite>
		<ingredients>
			<li>
				<filter>
					<thingDefs>
						<li>MFMechanitesBase</li>
					</thingDefs>
				</filter>
				<count>50</count>
			</li>
		</ingredients>
		<fixedIngredientFilter>
			<thingDefs>
				<li>MFMechanitesBase</li>
			</thingDefs>
		</fixedIngredientFilter>
		<products>
			<MFPeithium>5</MFPeithium>
		</products>
		<skillRequirements>
			<Intellectual>14</Intellectual>
		</skillRequirements>
		<workSkill>Intellectual</workSkill>
		<recipeUsers>
			<li>MFMechaniteForge</li>
		</recipeUsers>
	</RecipeDef>

	<!-- -->
	<RecipeDef>
		<defName>MFFabricateAngelium</defName>
		<label>fabricate seraphium</label>
		<description>Fabricates Seraphium. A miracle drug.</description>
		<jobString>Fabricating Seraphium.</jobString>
		<workSpeedStat>ResearchSpeed</workSpeedStat>
		<effectWorking>Cook</effectWorking>
		<soundWorking>Recipe_Machining</soundWorking>
		<workAmount>16000</workAmount>
		<unfinishedThingDef>UnfinishedComponent</unfinishedThingDef>
		<researchPrerequisite>MFManufactureAngelium</researchPrerequisite>
		<ingredients>
			<li>
				<filter>
					<thingDefs>
						<li>MFMechanitesBase</li>
					</thingDefs>
				</filter>
				<count>120</count>
			</li>
		</ingredients>
		<fixedIngredientFilter>
			<thingDefs>
				<li>MFMechanitesBase</li>
			</thingDefs>
		</fixedIngredientFilter>
		<products>
			<MFAngelium>1</MFAngelium>
		</products>
		<skillRequirements>
			<Intellectual>12</Intellectual>
		</skillRequirements>
		<workSkill>Intellectual</workSkill>
		<recipeUsers>
			<li>MFMechaniteForge</li>
		</recipeUsers>
	</RecipeDef>

	<RecipeDef>
		<defName>MFFabricateBastion</defName>
		<label>fabricate bastion</label>
		<description>Fabricates Bastion. A product of science.</description>
		<jobString>Fabricating Bastion.</jobString>
		<workSpeedStat>ResearchSpeed</workSpeedStat>
		<effectWorking>Cook</effectWorking>
		<soundWorking>Recipe_Machining</soundWorking>
		<workAmount>16000</workAmount>
		<unfinishedThingDef>UnfinishedComponent</unfinishedThingDef>
		<researchPrerequisite>MFManufactureBastion</researchPrerequisite>
		<ingredients>
			<li>
				<filter>
					<thingDefs>
						<li>MFMechanitesBase</li>
					</thingDefs>
				</filter>
				<count>100</count>
			</li>
		</ingredients>
		<fixedIngredientFilter>
			<thingDefs>
				<li>MFMechanitesBase</li>
			</thingDefs>
		</fixedIngredientFilter>
		<products>
			<MFBastion>1</MFBastion>
		</products>
		<skillRequirements>
			<Intellectual>10</Intellectual>
		</skillRequirements>
		<workSkill>Intellectual</workSkill>
		<recipeUsers>
			<li>MFMechaniteForge</li>
		</recipeUsers>
	</RecipeDef>

	<RecipeDef>
		<defName>MFFabricateAddictionPurifier</defName>
		<label>fabricate addiction purifier</label>
		<description>Fabricates Addiction Purifier. A miracle drug.</description>
		<jobString>Fabricating Addiction Purifier.</jobString>
		<workSpeedStat>ResearchSpeed</workSpeedStat>
		<effectWorking>Cook</effectWorking>
		<soundWorking>Recipe_Machining</soundWorking>
		<workAmount>20000</workAmount>
		<unfinishedThingDef>UnfinishedComponent</unfinishedThingDef>
		<researchPrerequisite>MFManufactureAddictionPurifier</researchPrerequisite>
		<ingredients>
			<li>
				<filter>
					<thingDefs>
						<li>MFMechanitesBase</li>
					</thingDefs>
				</filter>
				<count>225</count>
			</li>
		</ingredients>
		<fixedIngredientFilter>
			<thingDefs>
				<li>MFMechanitesBase</li>
			</thingDefs>
		</fixedIngredientFilter>
		<products>
			<MFAddictionPurifier>1</MFAddictionPurifier>
		</products>
		<skillRequirements>
			<Intellectual>14</Intellectual>
		</skillRequirements>
		<workSkill>Intellectual</workSkill>
		<recipeUsers>
			<li>MFMechaniteForge</li>
		</recipeUsers>
	</RecipeDef>

	<RecipeDef>
		<defName>MFFabricateHealingFactor</defName>
		<label>fabricate trollblood</label>
		<description>Fabricates Trollblood. A miracle drug.</description>
		<jobString>Fabricating Trollblood.</jobString>
		<workSpeedStat>ResearchSpeed</workSpeedStat>
		<effectWorking>Cook</effectWorking>
		<soundWorking>Recipe_Machining</soundWorking>
		<workAmount>20000</workAmount>
		<unfinishedThingDef>UnfinishedComponent</unfinishedThingDef>
		<researchPrerequisite>MFManufactureHealingFactor</researchPrerequisite>
		<ingredients>
			<li>
				<filter>
					<thingDefs>
						<li>MFMechanitesBase</li>
					</thingDefs>
				</filter>
				<count>225</count>
			</li>
		</ingredients>
		<fixedIngredientFilter>
			<thingDefs>
				<li>MFMechanitesBase</li>
			</thingDefs>
		</fixedIngredientFilter>
		<products>
			<MFHealingFactor>1</MFHealingFactor>
		</products>
		<skillRequirements>
			<Intellectual>14</Intellectual>
		</skillRequirements>
		<workSkill>Intellectual</workSkill>
		<recipeUsers>
			<li>MFMechaniteForge</li>
		</recipeUsers>
	</RecipeDef>
	<!-- -->
	<RecipeDef>
		<defName>MFSynthesizeNeutroamine</defName>
		<label>synthesize neutroamine</label>
		<description>Synthesize Neutroamine from food.</description>
		<jobString>Synthesizing Neutroamine.</jobString>
		<workSpeedStat>ResearchSpeed</workSpeedStat>
		<effectWorking>Cook</effectWorking>
		<soundWorking>Recipe_Machining</soundWorking>
		<workAmount>1000</workAmount>
		<researchPrerequisite>MFManufactureNeutroamine</researchPrerequisite>
		<ingredientValueGetterClass>IngredientValueGetter_Nutrition</ingredientValueGetterClass>
		<ingredients>
			<li>
				<filter>
					<categories>
						<li>FoodRaw</li>
					</categories>
				</filter>
				<count>6.0</count>
			</li>
		</ingredients>
		<fixedIngredientFilter>
			<categories>
				<li>FoodRaw</li>
			</categories>
		</fixedIngredientFilter>
		<products>
			<Neutroamine>10</Neutroamine>
		</products>
		<skillRequirements>
			<Intellectual>6</Intellectual>
		</skillRequirements>
		<workSkill>Intellectual</workSkill>
		<recipeUsers>
			<li>MFMechaniteForge</li>
		</recipeUsers>
	</RecipeDef>

	<RecipeDef>
		<defName>MFFabricatePlasteel</defName>
		<label>fabricate plasteel</label>
		<description>Fabricates Plasteel. A lossy process.</description>
		<jobString>Fabricating Plasteel.</jobString>
		<workSpeedStat>ResearchSpeed</workSpeedStat>
		<effectWorking>Cook</effectWorking>
		<soundWorking>Recipe_Machining</soundWorking>
		<workAmount>5000</workAmount>
		<unfinishedThingDef>UnfinishedComponent</unfinishedThingDef>
		<researchPrerequisite>MFManufacturePlasteel</researchPrerequisite>
		<ingredients>
			<li>
				<filter>
					<thingDefs>
						<li>Steel</li>
					</thingDefs>
				</filter>
				<count>75</count>
			</li>
		</ingredients>
		<fixedIngredientFilter>
			<thingDefs>
				<li>MFMechanitesBase</li>
			</thingDefs>
		</fixedIngredientFilter>
		<products>
			<Plasteel>10</Plasteel>
		</products>
		<skillRequirements>
			<Intellectual>8</Intellectual>
		</skillRequirements>
		<workSkill>Intellectual</workSkill>
		<recipeUsers>
			<li>MFMechaniteForge</li>
		</recipeUsers>
	</RecipeDef>
</Defs>