<?xml version="1.0" encoding="utf-8" ?>
<Defs>
	<WorkGiverDef>
		<defName>DoBillsMechaniteForge</defName>
		<label>do bills at mechanite forge</label>
		<giverClass>WorkGiver_DoBill</giverClass>
		<workType>Smithing</workType>
		<priorityInType>50</priorityInType>
		<fixedBillGiverDefs>
			<li>MFMechaniteForge</li>
		</fixedBillGiverDefs>
		<verb>fabricate</verb>
		<gerund>fabricating at</gerund>
		<requiredCapacities>
			<li>Manipulation</li>
		</requiredCapacities>
		<prioritizeSustains>true</prioritizeSustains>
	</WorkGiverDef>
</Defs>